{
  "ext/fragment/CustomSectionGantt.fragment.xml": 1722697920913,
  "Component.js": 1716454724344,
  "ext/controller/ProcessFlowLanesAndNodes.json": 1716454724344,
  "ext/controller/ProcessFlow.controller.js": 1716454724344,
  "manifest.json": 1722697961203,
  "ext/fragment/CustomSectionGantt.js": 1716454724344,
  "ext/controller/ProcessFlow-dbg.controller.js": 1716454724344,
  "ext/controller/ProcessFlow.controller.js.map": 1722697961283,
  "Component-dbg.js": 1716454724344,
  "Component.js.map": 1722697961281,
  "ext/fragment/CustomSectionGantt-dbg.js": 1716454724344,
  "ext/fragment/CustomSectionGantt.js.map": 1722697961290,
  "Component-preload.js": 1722697961354,
  "Component-preload.js.map": 1722697961355,
  "ext/view/ProcessFlow.view.xml": 1716454724344,
  "i18n/i18n.properties": 1716971513576,
  "index.html": 1722694061212
}